{
  "builtin_entity_scope": [
    "snips/city"
  ],
  "config": {
    "unit_name": "tfidf_vectorizer",
    "use_stemming": false,
    "word_clusters_name": null
  },
  "language_code": "en",
  "vectorizer": {
    "idf_diag": [
      5.07753744390572,
      5.07753744390572,
      5.07753744390572,
      2.347508336084734,
      3.1316272948504063,
      4.0967081908939935,
      5.07753744390572,
      5.07753744390572,
      4.789855371453939,
      5.07753744390572,
      5.483002552013883,
      5.483002552013883,
      5.07753744390572,
      3.7782544597754586,
      4.384390263345774,
      5.07753744390572,
      3.0406555166446796,
      2.8803128665695,
      5.07753744390572,
      4.0967081908939935,
      3.9789251552376097,
      3.8735646395797834,
      5.483002552013883,
      4.230239583518516,
      3.6112003751122925,
      2.918053194552347,
      5.07753744390572,
      3.342936388517613,
      3.9789251552376097,
      5.483002552013883,
      5.483002552013883,
      4.566711820139728,
      5.483002552013883,
      2.9572739077056287,
      5.483002552013883,
      5.07753744390572,
      4.230239583518516,
      5.483002552013883,
      3.1316272948504063,
      3.9789251552376097,
      5.07753744390572,
      5.07753744390572,
      5.483002552013883,
      3.1316272948504063,
      4.230239583518516,
      5.07753744390572,
      5.07753744390572,
      5.483002552013883,
      5.07753744390572,
      3.8735646395797834,
      4.566711820139728,
      5.483002552013883,
      5.07753744390572,
      4.789855371453939,
      4.566711820139728,
      4.566711820139728,
      5.07753744390572,
      4.789855371453939,
      1.8586616190375187,
      2.918053194552347,
      5.483002552013883,
      4.789855371453939,
      3.691243082785829,
      5.07753744390572,
      5.483002552013883,
      5.07753744390572,
      3.342936388517613,
      4.230239583518516,
      4.384390263345774
    ],
    "vocab": {
      "activate": 0,
      "bank": 1,
      "bikaner": 2,
      "builtinentityfeaturesnipscity": 3,
      "camera": 4,
      "can": 5,
      "cibc": 6,
      "cinema": 7,
      "close": 8,
      "closest": 9,
      "cloudy": 10,
      "costco": 11,
      "delhi": 12,
      "directions": 13,
      "do": 14,
      "down": 15,
      "entityfeatureaction": 16,
      "entityfeatureplace": 17,
      "faridabad": 18,
      "fetch": 19,
      "from": 20,
      "get": 21,
      "ghaziabad": 22,
      "how": 23,
      "i": 24,
      "in": 25,
      "initiate": 26,
      "is": 27,
      "it": 28,
      "kanpur": 29,
      "know": 30,
      "like": 31,
      "mall": 32,
      "me": 33,
      "montreal": 34,
      "munsiyari": 35,
      "nearest": 36,
      "need": 37,
      "of": 38,
      "on": 39,
      "open": 40,
      "ottawa": 41,
      "pacific": 42,
      "please": 43,
      "power": 44,
      "put": 45,
      "pvr": 46,
      "raining": 47,
      "reach": 48,
      "s": 49,
      "show": 50,
      "shut": 51,
      "snowing": 52,
      "sweets": 53,
      "switch": 54,
      "take": 55,
      "target": 56,
      "tell": 57,
      "the": 58,
      "to": 59,
      "today": 60,
      "toggle": 61,
      "turn": 62,
      "up": 63,
      "walmart": 64,
      "way": 65,
      "weather": 66,
      "what": 67,
      "where": 68
    }
  }
}