{
  "builtin_entity_scope": [
    "snips/city"
  ],
  "config": {
    "unit_name": "tfidf_vectorizer",
    "use_stemming": false,
    "word_clusters_name": null
  },
  "language_code": "en",
  "vectorizer": {
    "idf_diag": [
      5.255612709818223,
      2.3378419777339436,
      2.904237452654745,
      4.002849741322855,
      4.850147601710058,
      5.255612709818223,
      4.562465529258278,
      2.8132656744490188,
      4.339321977944068,
      4.562465529258278,
      4.850147601710058,
      2.7707060600302227,
      4.850147601710058,
      3.5508646175797978,
      3.8693183486983322,
      5.255612709818223,
      3.6461747973841225,
      5.255612709818223,
      2.8577174370198524,
      3.8693183486983322,
      4.850147601710058,
      2.953027616824177,
      4.850147601710058,
      5.255612709818223,
      5.255612709818223,
      3.463853240590168,
      4.850147601710058,
      4.850147601710058,
      5.255612709818223,
      5.255612709818223,
      4.850147601710058,
      1.9414267051456973,
      4.850147601710058,
      3.0043209112117277,
      4.850147601710058,
      3.0583881324820035,
      4.002849741322855,
      3.5508646175797978
    ],
    "vocab": {
      "activate": 0,
      "builtinentityfeaturesnipscity": 1,
      "camera": 2,
      "can": 3,
      "close": 4,
      "cloudy": 5,
      "down": 6,
      "entityfeatureaction": 7,
      "fetch": 8,
      "get": 9,
      "how": 10,
      "in": 11,
      "initiate": 12,
      "is": 13,
      "it": 14,
      "know": 15,
      "me": 16,
      "need": 17,
      "of": 18,
      "on": 19,
      "open": 20,
      "please": 21,
      "power": 22,
      "put": 23,
      "raining": 24,
      "s": 25,
      "shut": 26,
      "shutdown": 27,
      "snowing": 28,
      "switch": 29,
      "tell": 30,
      "the": 31,
      "today": 32,
      "turn": 33,
      "up": 34,
      "weather": 35,
      "what": 36,
      "you": 37
    }
  }
}