{
  "builtin_entity_scope": [
    "snips/city"
  ],
  "config": {
    "unit_name": "tfidf_vectorizer",
    "use_stemming": false,
    "word_clusters_name": null
  },
  "language_code": "en",
  "vectorizer": {
    "idf_diag": [
      2.1582043858703552,
      4.697178256928631,
      4.697178256928631,
      4.697178256928631,
      4.4094961844768505,
      5.102643365036796,
      2.537694007575259,
      3.2308411881352046,
      3.4932054526026954,
      4.697178256928631,
      3.5985659682605218,
      4.697178256928631,
      2.80005827204275,
      4.4094961844768505,
      5.102643365036796,
      3.5985659682605218,
      4.697178256928631,
      4.4094961844768505,
      4.697178256928631,
      3.0232018233569597,
      4.004031076368686
    ],
    "vocab": {
      "builtinentityfeaturesnipscity": 0,
      "can": 1,
      "cloudy": 2,
      "fetch": 3,
      "get": 4,
      "how": 5,
      "in": 6,
      "is": 7,
      "it": 8,
      "know": 9,
      "me": 10,
      "need": 11,
      "of": 12,
      "please": 13,
      "raining": 14,
      "s": 15,
      "snowing": 16,
      "tell": 17,
      "today": 18,
      "weather": 19,
      "what": 20
    }
  }
}