{
  "builtin_entity_scope": [
    "snips/city"
  ],
  "config": {
    "unit_name": "tfidf_vectorizer",
    "use_stemming": false,
    "word_clusters_name": null
  },
  "language_code": "en",
  "vectorizer": {
    "idf_diag": [
      3.332890442489375,
      4.799227511282801,
      5.4923746918427465,
      3.8829367794086465,
      4.799227511282801,
      4.02603762304932,
      5.204692619390966,
      2.678963975082711,
      4.799227511282801,
      3.546464542787434,
      3.412933150162911,
      5.4923746918427465,
      5.204692619390966,
      5.4923746918427465,
      3.546464542787434,
      3.499944527152541,
      4.645076831455544,
      4.981549068076756,
      3.2587824703356527,
      2.740839378800798,
      4.645076831455544,
      3.546464542787434,
      5.4923746918427465,
      4.106080330722856,
      3.8829367794086465,
      4.02603762304932,
      5.4923746918427465,
      4.981549068076756,
      3.8183982582710754,
      5.4923746918427465,
      5.4923746918427465,
      4.193091707712487,
      4.02603762304932,
      3.2587824703356527,
      5.4923746918427465,
      3.700615222614692,
      4.106080330722856,
      4.193091707712487,
      4.193091707712487,
      5.897839799950911,
      5.897839799950911,
      5.897839799950911,
      4.799227511282801,
      5.204692619390966,
      2.386294361119891,
      4.288401887516811,
      5.897839799950911,
      3.546464542787434,
      4.645076831455544,
      4.393762403174637,
      5.897839799950911,
      4.393762403174637,
      2.7623455840217614,
      4.799227511282801,
      4.981549068076756,
      5.204692619390966,
      5.4923746918427465,
      5.4923746918427465,
      4.981549068076756,
      4.799227511282801,
      4.106080330722856,
      5.4923746918427465,
      5.4923746918427465,
      4.393762403174637,
      4.981549068076756,
      5.897839799950911,
      5.4923746918427465,
      5.897839799950911,
      5.4923746918427465,
      5.204692619390966,
      5.204692619390966,
      4.393762403174637,
      5.4923746918427465,
      3.8829367794086465,
      4.511545438831021,
      2.1483357240205403,
      2.6397432619294294,
      5.204692619390966,
      3.8183982582710754,
      5.897839799950911,
      3.8183982582710754,
      3.412933150162911,
      4.799227511282801,
      5.204692619390966,
      2.953400820784471,
      5.204692619390966,
      5.4923746918427465
    ],
    "vocab": {
      "a": 0,
      "actions": 1,
      "activate": 2,
      "all": 3,
      "am": 4,
      "are": 5,
      "bank": 6,
      "builtinentityfeaturesnipscity": 7,
      "bye": 8,
      "camera": 9,
      "can": 10,
      "care": 11,
      "close": 12,
      "cloudy": 13,
      "directions": 14,
      "do": 15,
      "down": 16,
      "drive": 17,
      "entityfeatureaction": 18,
      "entityfeatureplace": 19,
      "entityfeaturetravel": 20,
      "entityfeaturetravelmode": 21,
      "ever": 22,
      "fetch": 23,
      "for": 24,
      "from": 25,
      "gag": 26,
      "garden": 27,
      "get": 28,
      "giggle": 29,
      "happy": 30,
      "hey": 31,
      "how": 32,
      "in": 33,
      "initiate": 34,
      "is": 35,
      "it": 36,
      "joke": 37,
      "jugni": 38,
      "know": 39,
      "later": 40,
      "laugh": 41,
      "make": 42,
      "mcdonalds": 43,
      "me": 44,
      "nearest": 45,
      "need": 46,
      "of": 47,
      "off": 48,
      "on": 49,
      "open": 50,
      "perform": 51,
      "please": 52,
      "power": 53,
      "programmed": 54,
      "pun": 55,
      "put": 56,
      "raining": 57,
      "reach": 58,
      "recite": 59,
      "s": 60,
      "sad": 61,
      "scope": 62,
      "show": 63,
      "shut": 64,
      "shutdown": 65,
      "silliest": 66,
      "snowing": 67,
      "soon": 68,
      "sweets": 69,
      "switch": 70,
      "take": 71,
      "talk": 72,
      "tell": 73,
      "terminate": 74,
      "the": 75,
      "to": 76,
      "toggle": 77,
      "turn": 78,
      "up": 79,
      "weather": 80,
      "what": 81,
      "where": 82,
      "which": 83,
      "you": 84,
      "your": 85,
      "yourself": 86
    }
  }
}