{
  "builtin_entity_scope": [
    "snips/city"
  ],
  "config": {
    "unit_name": "tfidf_vectorizer",
    "use_stemming": false,
    "word_clusters_name": null
  },
  "language_code": "en",
  "vectorizer": {
    "idf_diag": [
      3.2183670139100284,
      5.783316371371566,
      4.86702563949741,
      2.584643253820884,
      3.4319411142080876,
      3.911514194469974,
      5.09016919081162,
      5.09016919081162,
      4.86702563949741,
      5.09016919081162,
      5.783316371371566,
      3.4319411142080876,
      3.99155690214351,
      4.86702563949741,
      4.684704082703456,
      3.25758772706331,
      2.6263159502214517,
      4.397022010251675,
      3.4319411142080876,
      5.377851263263401,
      4.07856827913314,
      5.09016919081162,
      3.911514194469974,
      5.783316371371566,
      5.09016919081162,
      3.7038748296917294,
      5.377851263263401,
      5.783316371371566,
      5.09016919081162,
      3.837406222316252,
      3.2984097215835653,
      3.0424763474463643,
      5.783316371371566,
      3.7038748296917294,
      4.279238974595291,
      4.07856827913314,
      5.377851263263401,
      5.377851263263401,
      5.377851263263401,
      4.530553402876198,
      5.09016919081162,
      2.3821189897094097,
      4.173878458937465,
      5.377851263263401,
      3.25758772706331,
      5.09016919081162,
      4.279238974595291,
      5.783316371371566,
      2.738793933648142,
      4.397022010251675,
      4.86702563949741,
      5.09016919081162,
      5.783316371371566,
      4.86702563949741,
      4.684704082703456,
      4.279238974595291,
      5.783316371371566,
      4.173878458937465,
      5.377851263263401,
      5.377851263263401,
      5.377851263263401,
      5.783316371371566,
      4.86702563949741,
      4.684704082703456,
      4.530553402876198,
      3.7684133508293005,
      1.8914960732609387,
      2.60526254102362,
      5.783316371371566,
      5.09016919081162,
      4.07856827913314,
      5.377851263263401,
      5.09016919081162,
      3.586091794035346,
      4.86702563949741,
      4.684704082703456
    ],
    "vocab": {
      "a": 0,
      "activate": 1,
      "bank": 2,
      "builtinentityfeaturesnipscity": 3,
      "camera": 4,
      "can": 5,
      "cibc": 6,
      "cinema": 7,
      "close": 8,
      "closest": 9,
      "cloudy": 10,
      "directions": 11,
      "do": 12,
      "down": 13,
      "drive": 14,
      "entityfeatureaction": 15,
      "entityfeatureplace": 16,
      "entityfeaturetravel": 17,
      "entityfeaturetravelmode": 18,
      "ever": 19,
      "fetch": 20,
      "foot": 21,
      "from": 22,
      "gag": 23,
      "garden": 24,
      "get": 25,
      "giggle": 26,
      "happy": 27,
      "hey": 28,
      "how": 29,
      "i": 30,
      "in": 31,
      "initiate": 32,
      "is": 33,
      "it": 34,
      "joke": 35,
      "know": 36,
      "laugh": 37,
      "lokhandwala": 38,
      "make": 39,
      "mcdonalds": 40,
      "me": 41,
      "nearest": 42,
      "need": 43,
      "of": 44,
      "off": 45,
      "on": 46,
      "open": 47,
      "please": 48,
      "power": 49,
      "pun": 50,
      "pvr": 51,
      "raining": 52,
      "reach": 53,
      "recite": 54,
      "s": 55,
      "sad": 56,
      "show": 57,
      "shut": 58,
      "shutdown": 59,
      "silliest": 60,
      "snowing": 61,
      "sweets": 62,
      "switch": 63,
      "take": 64,
      "tell": 65,
      "the": 66,
      "to": 67,
      "today": 68,
      "toggle": 69,
      "turn": 70,
      "up": 71,
      "way": 72,
      "weather": 73,
      "what": 74,
      "where": 75
    }
  }
}