{
  "builtin_entity_scope": [
    "snips/city"
  ],
  "config": {
    "unit_name": "tfidf_vectorizer",
    "use_stemming": false,
    "word_clusters_name": null
  },
  "language_code": "en",
  "vectorizer": {
    "idf_diag": [
      3.275292950706038,
      4.741630019499466,
      2.6415691906168934,
      4.587479339672207,
      3.4888670510040973,
      3.8943321591122615,
      5.840242308167575,
      5.1470951276076295,
      5.1470951276076295,
      4.92395157629342,
      5.1470951276076295,
      5.840242308167575,
      3.4888670510040973,
      4.04848283893952,
      4.453947947047684,
      3.237552622723191,
      2.683241887017462,
      4.741630019499466,
      3.4888670510040973,
      5.43477720005941,
      4.230804395733474,
      3.9684401312659836,
      5.43477720005941,
      4.92395157629342,
      3.700176144671304,
      5.43477720005941,
      5.840242308167575,
      5.840242308167575,
      4.92395157629342,
      3.9684401312659836,
      3.3978952727983707,
      3.2011849785523165,
      5.840242308167575,
      3.700176144671304,
      4.230804395733474,
      4.13549421592915,
      4.3361649113913,
      5.840242308167575,
      5.840242308167575,
      5.840242308167575,
      4.92395157629342,
      5.1470951276076295,
      2.4558520448218006,
      4.230804395733474,
      5.840242308167575,
      3.4423470353692043,
      4.741630019499466,
      4.3361649113913,
      5.43477720005941,
      2.749199854809259,
      4.741630019499466,
      4.92395157629342,
      5.43477720005941,
      5.1470951276076295,
      5.840242308167575,
      4.92395157629342,
      4.741630019499466,
      4.13549421592915,
      5.840242308167575,
      5.840242308167575,
      4.3361649113913,
      4.741630019499466,
      5.43477720005941,
      5.43477720005941,
      5.43477720005941,
      5.1470951276076295,
      5.1470951276076295,
      4.92395157629342,
      4.453947947047684,
      5.1470951276076295,
      3.8253392876253103,
      4.587479339672207,
      2.0447531189953807,
      2.6415691906168934,
      5.840242308167575,
      5.1470951276076295,
      3.8943321591122615,
      5.840242308167575,
      5.1470951276076295,
      3.700176144671304,
      4.741630019499466,
      4.741630019499466,
      3.5376572151735295,
      5.1470951276076295
    ],
    "vocab": {
      "a": 0,
      "bank": 1,
      "builtinentityfeaturesnipscity": 2,
      "bye": 3,
      "camera": 4,
      "can": 5,
      "care": 6,
      "cibc": 7,
      "cinema": 8,
      "close": 9,
      "closest": 10,
      "cloudy": 11,
      "directions": 12,
      "do": 13,
      "down": 14,
      "entityfeatureaction": 15,
      "entityfeatureplace": 16,
      "entityfeaturetravel": 17,
      "entityfeaturetravelmode": 18,
      "ever": 19,
      "fetch": 20,
      "from": 21,
      "gag": 22,
      "garden": 23,
      "get": 24,
      "giggle": 25,
      "goodbye": 26,
      "happy": 27,
      "hey": 28,
      "how": 29,
      "i": 30,
      "in": 31,
      "initiate": 32,
      "is": 33,
      "it": 34,
      "joke": 35,
      "jugni": 36,
      "know": 37,
      "later": 38,
      "laugh": 39,
      "make": 40,
      "mcdonalds": 41,
      "me": 42,
      "nearest": 43,
      "need": 44,
      "of": 45,
      "off": 46,
      "on": 47,
      "open": 48,
      "please": 49,
      "power": 50,
      "pun": 51,
      "put": 52,
      "pvr": 53,
      "raining": 54,
      "reach": 55,
      "recite": 56,
      "s": 57,
      "sad": 58,
      "say": 59,
      "show": 60,
      "shut": 61,
      "shutdown": 62,
      "silliest": 63,
      "snowing": 64,
      "soon": 65,
      "sweets": 66,
      "switch": 67,
      "take": 68,
      "talk": 69,
      "tell": 70,
      "terminate": 71,
      "the": 72,
      "to": 73,
      "today": 74,
      "toggle": 75,
      "turn": 76,
      "up": 77,
      "way": 78,
      "weather": 79,
      "what": 80,
      "where": 81,
      "you": 82,
      "yourself": 83
    }
  }
}