{
  "builtin_entity_scope": [
    "snips/city"
  ],
  "config": {
    "unit_name": "tfidf_vectorizer",
    "use_stemming": false,
    "word_clusters_name": null
  },
  "language_code": "en",
  "vectorizer": {
    "idf_diag": [
      5.377851263263401,
      5.09016919081162,
      4.684704082703456,
      2.6263159502214517,
      3.4319411142080876,
      3.7684133508293005,
      5.09016919081162,
      5.09016919081162,
      5.09016919081162,
      5.09016919081162,
      5.783316371371566,
      3.4319411142080876,
      3.911514194469974,
      4.86702563949741,
      5.09016919081162,
      3.25758772706331,
      2.6263159502214517,
      4.530553402876198,
      3.4319411142080876,
      4.173878458937465,
      3.837406222316252,
      4.86702563949741,
      3.4807312783775197,
      5.377851263263401,
      4.279238974595291,
      3.7684133508293005,
      3.340969336002361,
      3.010727649131784,
      5.783316371371566,
      3.6432502078752944,
      4.07856827913314,
      4.684704082703456,
      4.86702563949741,
      4.86702563949741,
      4.86702563949741,
      5.09016919081162,
      2.3989261080257913,
      5.377851263263401,
      5.377851263263401,
      4.173878458937465,
      5.783316371371566,
      3.911514194469974,
      3.25758772706331,
      5.09016919081162,
      4.279238974595291,
      5.377851263263401,
      5.377851263263401,
      2.762891485227203,
      4.530553402876198,
      5.09016919081162,
      5.09016919081162,
      5.783316371371566,
      4.86702563949741,
      4.684704082703456,
      4.86702563949741,
      3.6432502078752944,
      4.173878458937465,
      5.377851263263401,
      5.377851263263401,
      5.377851263263401,
      4.86702563949741,
      5.09016919081162,
      4.530553402876198,
      4.279238974595291,
      1.8130244578194434,
      2.60526254102362,
      3.586091794035346,
      5.09016919081162,
      3.837406222316252,
      5.09016919081162,
      4.07856827913314,
      5.783316371371566,
      5.377851263263401,
      3.6432502078752944,
      4.684704082703456,
      5.09016919081162,
      4.684704082703456,
      4.684704082703456,
      3.4319411142080876
    ],
    "vocab": {
      "activate": 0,
      "am": 1,
      "bank": 2,
      "builtinentityfeaturesnipscity": 3,
      "camera": 4,
      "can": 5,
      "cibc": 6,
      "cinema": 7,
      "close": 8,
      "closest": 9,
      "cloudy": 10,
      "directions": 11,
      "do": 12,
      "down": 13,
      "drive": 14,
      "entityfeatureaction": 15,
      "entityfeatureplace": 16,
      "entityfeaturetravel": 17,
      "entityfeaturetravelmode": 18,
      "fetch": 19,
      "from": 20,
      "garden": 21,
      "get": 22,
      "ghaziabad": 23,
      "headlines": 24,
      "how": 25,
      "i": 26,
      "in": 27,
      "initiate": 28,
      "is": 29,
      "it": 30,
      "know": 31,
      "latest": 32,
      "let": 33,
      "like": 34,
      "mcdonalds": 35,
      "me": 36,
      "munsiyari": 37,
      "nagar": 38,
      "nearest": 39,
      "need": 40,
      "news": 41,
      "of": 42,
      "off": 43,
      "on": 44,
      "open": 45,
      "patel": 46,
      "please": 47,
      "power": 48,
      "public": 49,
      "pvr": 50,
      "raining": 51,
      "reach": 52,
      "read": 53,
      "recite": 54,
      "s": 55,
      "show": 56,
      "shut": 57,
      "shutdown": 58,
      "snowing": 59,
      "sweets": 60,
      "switch": 61,
      "take": 62,
      "tell": 63,
      "the": 64,
      "to": 65,
      "today": 66,
      "toggle": 67,
      "top": 68,
      "transport": 69,
      "turn": 70,
      "up": 71,
      "walmart": 72,
      "weather": 73,
      "what": 74,
      "wheeler": 75,
      "where": 76,
      "will": 77,
      "you": 78
    }
  }
}